oldValue,SIMPLE_NAME, line no: 70,value,SIMPLE_NAME, line no: 33, 0.5, 0.05263157894736842, 1.0, 0.5
value,SIMPLE_NAME, line no: 70,oldValue,SIMPLE_NAME, line no: 70, 0.5, 1.0, 1.0, 0.5
value,SIMPLE_NAME, line no: 70,this.value,FIELD_ACCESS, line no: 44, 0.4605263157894737, 0.7105263157894737, 1.0, 0.5
oldValue,SIMPLE_NAME, line no: 70,this.value,FIELD_ACCESS, line no: 44, 0.368421052631579, 0.7105263157894737, 1.0, 0.4
oldValue,SIMPLE_NAME, line no: 70,this.value=value,ASSIGNMENT, line no: 44, 0.287828947368421, 0.7105263157894737, 1.0, 0.3125
value,SIMPLE_NAME, line no: 70,this.value=value,ASSIGNMENT, line no: 44, 0.287828947368421, 0.7105263157894737, 1.0, 0.3125
value,SIMPLE_NAME, line no: 70,value=in.readObject(),ASSIGNMENT, line no: 121, 0.16290726817042606, 0.6842105263157895, 1.0, 0.23809523809523808
oldValue,SIMPLE_NAME, line no: 70,readObject,SIMPLE_NAME, line no: 121, 0.1368421052631579, 0.6842105263157895, 1.0, 0.2
value,SIMPLE_NAME, line no: 70,readObject,SIMPLE_NAME, line no: 121, 0.1368421052631579, 0.6842105263157895, 1.0, 0.2
oldValue,SIMPLE_NAME, line no: 70,value=in.readObject(),ASSIGNMENT, line no: 121, 0.13032581453634084, 0.6842105263157895, 1.0, 0.19047619047619047
V,SIMPLE_NAME, line no: 70,oldValue,SIMPLE_NAME, line no: 70, 0.12171052631578948, 0.9736842105263158, 1.0, 0.125
oldValue,SIMPLE_NAME, line no: 70,V,SIMPLE_NAME, line no: 27, 0.12171052631578948, 0.02631578947368421, 1.0, 0.125
oldValue,SIMPLE_NAME, line no: 70,in.readObject(),METHOD_INVOCATION, line no: 121, 0.0912280701754386, 0.6842105263157895, 1.0, 0.13333333333333333
value,SIMPLE_NAME, line no: 70,in.readObject(),METHOD_INVOCATION, line no: 121, 0.0912280701754386, 0.6842105263157895, 1.0, 0.13333333333333333
oldValue,SIMPLE_NAME, line no: 70,getValue,SIMPLE_NAME, line no: 55, 0.01644736842105263, 0.02631578947368421, 1.0, 0.625
oldValue,SIMPLE_NAME, line no: 70,setValue,SIMPLE_NAME, line no: 68, 0.01644736842105263, 0.02631578947368421, 1.0, 0.625
value,SIMPLE_NAME, line no: 70,getValue,SIMPLE_NAME, line no: 55, 0.013157894736842105, 0.02631578947368421, 1.0, 0.5
value,SIMPLE_NAME, line no: 70,setValue,SIMPLE_NAME, line no: 68, 0.013157894736842105, 0.02631578947368421, 1.0, 0.5
V,SIMPLE_NAME, line no: 70,getValue,SIMPLE_NAME, line no: 55, 0.003289473684210526, 0.02631578947368421, 1.0, 0.125
V,SIMPLE_NAME, line no: 70,setValue,SIMPLE_NAME, line no: 68, 0.003289473684210526, 0.02631578947368421, 1.0, 0.125
