0,NUMBER_LITERAL, line no: 71,compare,SIMPLE_NAME, line no: 47, 0.9935064935064936, 0.987012987012987, 1.0
0,NUMBER_LITERAL, line no: 71,compareWeight,SIMPLE_NAME, line no: 50, 0.987012987012987, 0.987012987012987, 1.0
0,NUMBER_LITERAL, line no: 71,compareTo,SIMPLE_NAME, line no: 45, 0.006493506493506494, 0.006493506493506494, 1.0
